Document-feature matrix of: 168 documents, 6 features (78.77% sparse) and 6 docvars.,,,,,,,,,,,,,,,,,,,,,,,,,,,,,,,,,,,,,,,,,,,,,,,,,,,,,,,,,,,,,,,,,,,,,,,,,
                                                        features,,,,,,,,,,,,,,,,,,,,,,,,,,,,,,,,,,,,,,,,,,,,,,,,,,,,,,,,,,,,,,,,,,,,,,,,,,
docs,Sum of features,asylbewerberinnen,asylbewerber,asyl,aufnahmezentrum,auffanglager,aufnahmezentren, deportation,deportationen, ausweisung, abschiebung, abschiebungen, kolonialismus, ausweisungen, ausweisen,deportiert,abschiebung,abschieben,deportierte, pull-faktor, fluchtursachen, emigranten,fluchtursache, push-faktoren, auswanderer, migrationsdruck, pull-faktoren, ausgebürgert, ausgewandert,ausländerbehörde, verwiesen, ausgewiesen,ausländeramt, ausbürgern, zuzug,einwanderung, einwanderer, migrationshintergrund, zuwanderung, zuwanderer, einwanderungen, immigration, einwanderin, migranten, flüchtlingskrise, migrationspolitik,migrationskrise, islamophobie, islamfeindlichkeit, wanderarbeiter, flüchtlingsströme, empfängerländer, migrationsströme, nationalismus, neubürger, aufnahmeländer, neubürgerinnen, aufnahmestaaten, multikulturalismus, aufenthaltserlaubnis, transitländer, transitstaaten, flüchtlingsboote, aufenthaltsgenehmigung, flüchtlingsboot, flüchtlinge, geflüchteten, rassismus, flüchtling, rassisten, geflüchtete, rassist, schwarzfahrer, rückführung
  CPP-BT_Bundestag_Plenarprotokoll_18_100_2015-04-23.txt,89,1,3,4,0,0,0,0,0,0,0,0,0,0,2,0,0,0,0,0,3,0,0,0,0,0,0,0,1,1,1,0,0,0,1,2,1,1,1,0,0,0,0,2,0,0,0,0,0,0,1,1,0,0,0,0,0,0,0,2,0,0,0,0,0,58,1,1,1,0,0,0,0,0
  CPP-BT_Bundestag_Plenarprotokoll_18_101_2015-04-24.txt,9,0,1,0,0,0,0,1,1,0,0,0,0,0,0,1,0,0,0,0,0,0,0,0,0,0,0,0,0,0,1,0,0,0,0,0,0,0,0,1,0,0,0,0,0,0,0,0,0,0,0,0,0,0,0,0,0,0,0,0,0,0,0,0,0,1,0,0,0,1,0,0,0,1
  CPP-BT_Bundestag_Plenarprotokoll_18_102_2015-05-06.txt,5,0,0,0,0,0,0,0,0,0,0,0,0,0,0,0,0,0,0,0,0,0,0,0,0,0,0,0,0,0,1,0,0,0,0,0,0,1,0,0,0,0,0,0,0,0,0,0,0,0,0,0,0,0,0,0,0,0,0,3,0,0,0,0,0,0,0,0,0,0,0,0,0,0
  CPP-BT_Bundestag_Plenarprotokoll_18_103_2015-05-07.txt,91,1,4,10,0,0,0,1,0,1,2,0,0,0,0,1,2,1,0,0,3,1,0,0,0,0,0,0,0,0,1,1,0,0,0,0,0,1,0,0,0,0,0,0,4,0,0,0,0,0,1,0,0,0,0,0,0,0,0,0,1,0,0,0,0,49,0,4,1,0,0,0,0,1
  CPP-BT_Bundestag_Plenarprotokoll_18_104_2015-05-08.txt,21,0,0,1,0,0,0,0,0,2,0,0,0,0,0,1,0,0,0,0,1,0,0,0,0,0,0,0,0,0,1,2,0,0,1,0,0,0,1,0,0,0,0,0,0,0,0,0,0,0,0,0,0,0,0,0,0,0,0,0,0,0,0,0,0,10,0,1,0,0,0,0,0,0
  CPP-BT_Bundestag_Plenarprotokoll_18_105_2015-05-20.txt,28,0,0,1,0,0,0,0,0,0,0,0,0,0,0,0,0,0,0,0,8,0,0,0,0,0,0,0,0,0,1,0,0,0,0,0,1,0,2,0,0,0,0,4,0,0,0,0,0,0,0,0,0,0,0,0,0,0,0,0,0,1,0,0,0,10,0,0,0,0,0,0,0,0
  CPP-BT_Bundestag_Plenarprotokoll_18_106_2015-05-21.txt,68,0,2,0,0,0,0,0,0,0,1,2,0,0,0,0,1,0,0,0,5,0,1,0,0,0,0,0,0,0,0,1,0,0,0,0,1,5,0,0,0,0,0,2,1,0,0,0,0,0,1,0,0,0,0,0,0,0,0,0,0,0,2,0,0,37,2,1,0,0,2,0,0,1
  CPP-BT_Bundestag_Plenarprotokoll_18_107_2015-05-22.txt,2,0,0,0,0,0,0,0,0,0,0,0,0,0,0,0,0,0,0,0,0,0,0,0,0,0,0,0,0,0,0,0,0,0,0,0,0,1,0,0,0,0,0,1,0,0,0,0,0,0,0,0,0,0,0,0,0,0,0,0,0,0,0,0,0,0,0,0,0,0,0,0,0,0
  CPP-BT_Bundestag_Plenarprotokoll_18_108_2015-06-10.txt,46,0,1,5,0,0,0,0,0,0,0,0,0,0,0,0,0,0,0,0,1,0,0,0,0,0,0,0,0,0,4,0,0,0,0,0,0,2,1,1,0,0,0,3,0,0,0,0,0,0,0,0,0,0,0,0,0,0,0,0,0,0,0,0,0,26,0,0,1,0,1,0,0,0
  CPP-BT_Bundestag_Plenarprotokoll_18_109_2015-06-11.txt,127,3,21,8,0,0,0,0,0,2,3,0,0,0,2,0,3,0,0,0,4,0,0,0,0,0,0,0,0,1,2,0,0,0,0,0,1,1,1,1,0,0,0,1,1,1,0,0,0,0,2,1,0,0,0,0,0,0,0,1,0,0,0,0,0,58,5,1,3,0,0,0,0,0
  CPP-BT_Bundestag_Plenarprotokoll_18_110_2015-06-12.txt,43,0,6,0,1,0,0,0,0,0,0,0,0,0,0,0,0,0,0,0,5,0,0,0,0,0,0,0,0,0,0,0,0,0,0,0,0,0,0,0,0,0,0,2,0,0,0,0,0,0,0,0,1,0,0,0,0,0,0,0,0,0,0,0,0,27,0,0,1,0,0,0,0,0
  CPP-BT_Bundestag_Plenarprotokoll_18_111_2015-06-17.txt,15,0,0,0,0,0,0,0,0,0,0,0,0,0,0,0,0,0,0,0,0,0,0,2,0,0,0,0,0,0,0,0,0,0,0,0,0,0,5,0,0,0,0,2,0,0,0,0,0,0,0,0,0,0,0,0,0,0,0,0,0,0,0,0,0,5,0,0,0,0,0,0,0,1
  CPP-BT_Bundestag_Plenarprotokoll_18_112_2015-06-18.txt,67,0,2,1,0,1,0,0,0,0,0,0,0,0,1,0,0,0,0,0,13,0,0,0,0,0,0,0,0,0,6,0,0,0,0,2,0,3,2,0,0,0,0,1,1,0,0,0,0,0,2,0,0,0,0,0,0,0,0,0,0,2,0,0,0,24,0,4,0,0,0,0,0,2
  CPP-BT_Bundestag_Plenarprotokoll_18_113_2015-06-19.txt,44,0,0,1,0,0,0,0,0,0,1,0,0,0,0,0,1,0,0,0,1,0,0,0,1,0,0,0,0,2,0,0,0,0,0,0,0,0,0,0,0,0,0,2,0,0,0,0,0,0,0,0,0,1,0,0,0,0,0,0,0,0,0,0,0,24,0,7,3,0,0,0,0,0
  CPP-BT_Bundestag_Plenarprotokoll_18_114_2015-07-01.txt,4,0,0,0,0,0,0,0,0,0,0,0,0,0,0,0,0,0,0,0,0,0,0,0,0,0,0,0,0,0,1,0,0,0,0,0,0,0,0,0,0,0,0,0,0,0,0,0,0,0,0,0,0,2,0,0,0,0,0,0,0,0,0,0,0,1,0,0,0,0,0,0,0,0
  CPP-BT_Bundestag_Plenarprotokoll_18_115_2015-07-02.txt,148,0,24,13,0,1,0,0,1,2,3,1,0,0,1,3,3,0,0,0,1,0,0,0,0,1,0,0,0,1,3,1,0,0,1,3,2,0,2,0,0,0,0,2,2,0,0,0,0,0,2,0,0,0,0,0,0,0,0,13,1,0,0,0,0,51,2,2,4,1,1,0,0,0
  CPP-BT_Bundestag_Plenarprotokoll_18_116_2015-07-03.txt,12,0,0,0,0,0,0,0,0,0,0,0,0,0,0,0,0,0,0,0,0,0,0,0,0,0,0,0,0,0,0,0,0,0,0,1,1,0,0,1,0,0,0,3,0,0,0,0,0,0,1,0,0,0,0,0,0,0,0,0,0,0,0,0,0,0,1,0,0,2,2,0,0,0
  CPP-BT_Bundestag_Plenarprotokoll_18_117_2015-07-17.txt,11,0,0,0,0,0,0,0,0,0,0,0,0,0,0,0,0,0,0,0,0,0,0,0,0,0,0,0,0,0,0,0,0,0,0,0,0,0,0,0,0,0,0,0,0,0,0,0,0,0,1,0,0,2,0,0,0,0,0,0,0,0,0,0,0,7,0,1,0,0,0,0,0,0
  CPP-BT_Bundestag_Plenarprotokoll_18_118_2015-08-19.txt,21,0,0,5,0,0,0,0,0,0,0,0,0,0,0,0,0,0,0,0,1,0,0,0,0,0,0,0,0,0,0,0,0,0,0,0,0,0,0,0,0,0,0,0,1,0,0,0,0,0,0,0,0,1,0,0,0,0,0,0,0,0,0,0,0,12,0,1,0,0,0,0,0,0
  CPP-BT_Bundestag_Plenarprotokoll_18_119_2015-09-08.txt,184,0,12,15,0,0,1,0,0,0,1,0,0,0,0,0,1,2,0,0,10,0,0,0,0,0,0,0,0,0,2,0,0,0,0,6,0,0,4,2,0,0,0,2,7,0,0,0,0,0,0,0,0,0,0,0,0,0,0,0,0,0,0,0,0,113,0,1,1,1,1,0,0,2
  CPP-BT_Bundestag_Plenarprotokoll_18_120_2015-09-09.txt,249,0,4,7,0,0,0,0,0,0,0,0,0,0,0,0,0,2,0,0,65,0,1,0,0,0,0,0,1,0,0,0,0,0,0,1,0,1,0,1,0,0,0,4,6,0,0,0,0,0,6,0,0,0,2,2,0,0,0,0,0,0,1,0,0,138,0,2,4,0,0,0,0,1
  CPP-BT_Bundestag_Plenarprotokoll_18_121_2015-09-10.txt,135,1,3,5,0,0,0,0,0,0,1,0,0,0,0,0,1,0,0,0,4,0,0,0,0,0,0,0,0,0,0,2,0,0,2,1,1,3,8,5,1,0,0,2,5,0,0,0,0,0,3,0,0,0,1,0,0,0,0,0,0,0,0,0,0,79,0,2,4,0,1,0,0,0
  CPP-BT_Bundestag_Plenarprotokoll_18_122_2015-09-11.txt,47,0,0,4,0,0,0,0,0,0,0,0,0,0,0,0,0,0,0,0,1,0,0,0,0,0,0,0,0,0,1,1,0,0,3,0,0,0,0,0,0,0,0,1,2,0,0,0,0,0,1,0,0,0,0,0,0,0,0,0,0,0,0,0,0,30,2,0,1,0,0,0,0,0
  CPP-BT_Bundestag_Plenarprotokoll_18_123_2015-09-23.txt,27,0,1,2,0,0,0,0,0,0,0,0,0,0,0,0,0,0,0,0,5,0,0,0,0,0,0,0,0,0,2,2,0,0,0,0,0,0,0,0,0,0,0,0,0,0,0,0,0,0,1,0,0,0,0,0,0,0,0,0,0,0,0,0,0,12,2,0,0,0,0,0,0,0
  CPP-BT_Bundestag_Plenarprotokoll_18_124_2015-09-24.txt,176,0,0,5,0,0,0,0,0,0,1,0,0,0,1,0,1,0,0,0,35,0,1,0,0,0,0,0,0,0,0,0,0,0,2,5,0,0,5,0,0,0,0,3,5,0,0,0,0,0,4,0,0,0,0,0,0,0,0,0,0,1,1,0,0,100,1,1,3,0,0,0,0,1
  CPP-BT_Bundestag_Plenarprotokoll_18_125_2015-09-25.txt,78,0,3,0,0,0,0,0,0,0,0,0,0,0,0,0,0,0,0,0,1,0,0,0,0,0,0,0,0,0,0,0,0,0,0,0,0,0,0,0,0,0,0,0,0,0,0,0,0,0,0,0,0,0,0,0,0,0,0,0,0,0,0,0,0,65,0,0,9,0,0,0,0,0
  CPP-BT_Bundestag_Plenarprotokoll_18_126_2015-09-30.txt,72,0,11,4,0,0,0,0,0,0,9,2,0,0,0,0,9,2,0,0,1,0,0,0,0,0,0,0,0,0,0,0,0,0,0,0,0,0,0,0,0,0,0,0,0,0,0,0,0,0,0,0,0,0,0,0,0,0,0,2,0,0,0,0,0,32,0,0,0,0,0,0,0,0
  CPP-BT_Bundestag_Plenarprotokoll_18_127_2015-10-01.txt,167,0,9,8,0,0,0,0,0,0,0,1,0,0,0,0,0,0,0,0,16,0,0,0,0,0,0,0,0,0,1,1,0,0,1,2,0,1,3,0,0,0,0,7,4,1,0,0,0,0,3,0,0,0,0,0,0,0,0,0,1,0,0,0,0,93,2,3,7,0,1,0,0,2
  CPP-BT_Bundestag_Plenarprotokoll_18_128_2015-10-02.txt,83,0,1,0,0,0,0,0,0,0,3,0,1,0,0,0,3,1,0,0,5,0,0,0,0,0,0,0,0,0,0,1,0,0,1,0,1,1,1,0,0,0,0,0,4,0,1,0,0,0,0,0,0,0,0,0,0,0,0,0,0,0,0,1,0,34,15,2,0,1,5,0,0,1
  CPP-BT_Bundestag_Plenarprotokoll_18_129_2015-10-14.txt,49,0,0,0,0,0,0,0,0,0,0,0,0,0,0,0,0,0,0,0,5,0,2,0,0,1,0,0,0,0,0,0,0,0,0,0,0,0,0,0,0,0,0,1,7,1,0,0,0,0,2,0,0,0,0,0,0,0,0,0,0,0,0,0,0,29,0,0,1,0,0,0,0,0
  CPP-BT_Bundestag_Plenarprotokoll_18_130_2015-10-15.txt,312,4,10,21,0,0,0,0,0,0,9,9,0,0,0,0,9,0,0,0,25,0,2,0,0,0,0,0,0,0,3,0,0,0,3,1,0,0,4,0,0,0,0,1,15,0,0,1,0,0,5,0,0,0,0,0,1,0,0,0,0,0,0,0,0,152,14,2,7,0,11,0,0,3
  CPP-BT_Bundestag_Plenarprotokoll_18_131_2015-10-16.txt,8,0,1,0,0,0,0,0,0,0,0,0,0,0,0,0,0,0,0,0,1,0,0,0,0,0,0,0,0,0,0,0,0,0,1,0,0,0,0,0,0,0,0,0,2,0,0,0,0,0,0,0,0,0,0,0,0,0,0,0,0,0,0,0,0,3,0,0,0,0,0,0,0,0
  CPP-BT_Bundestag_Plenarprotokoll_18_132_2015-11-04.txt,49,0,1,1,0,0,0,0,0,2,5,9,0,0,0,0,5,4,0,0,0,0,0,0,0,0,0,0,0,0,3,1,0,0,0,0,0,0,0,0,0,0,0,1,0,0,0,0,0,0,2,0,0,0,0,0,0,0,0,1,0,0,0,0,0,8,0,0,0,0,1,0,0,5
  CPP-BT_Bundestag_Plenarprotokoll_18_133_2015-11-05.txt,89,1,2,0,0,0,0,0,0,0,0,2,0,0,0,0,0,0,0,0,7,0,0,0,0,1,0,0,0,0,1,1,0,0,0,0,0,0,1,0,0,0,0,1,13,0,0,0,0,0,1,0,0,0,0,1,0,0,0,0,0,0,0,0,0,53,1,0,1,0,2,0,0,0
  CPP-BT_Bundestag_Plenarprotokoll_18_134_2015-11-06.txt,2,1,0,0,0,0,0,0,0,0,0,0,0,0,1,0,0,0,0,0,0,0,0,0,0,0,0,0,0,0,0,0,0,0,0,0,0,0,0,0,0,0,0,0,0,0,0,0,0,0,0,0,0,0,0,0,0,0,0,0,0,0,0,0,0,0,0,0,0,0,0,0,0,0
  CPP-BT_Bundestag_Plenarprotokoll_18_135_2015-11-11.txt,111,0,6,7,0,0,0,0,0,0,1,0,0,0,1,0,1,0,0,0,8,0,2,0,0,0,0,0,0,0,2,1,0,0,1,0,0,1,4,0,0,0,0,3,2,0,0,0,0,0,0,0,0,0,0,0,0,0,0,0,1,0,0,0,0,56,0,3,3,1,0,0,0,7
  CPP-BT_Bundestag_Plenarprotokoll_18_136_2015-11-12.txt,166,0,10,4,0,0,0,0,0,0,2,1,0,0,0,0,2,0,0,0,7,0,0,0,0,0,0,0,0,1,1,1,0,0,1,0,1,5,9,2,0,0,0,6,5,0,0,0,0,0,0,0,0,0,0,0,0,0,0,0,0,0,0,0,0,95,3,3,6,0,1,0,0,0
  CPP-BT_Bundestag_Plenarprotokoll_18_137_2015-11-13.txt,6,0,1,0,0,0,0,0,0,0,0,0,0,0,0,0,0,0,0,0,0,0,0,0,0,0,0,0,0,0,4,0,0,0,0,0,0,0,0,0,0,0,0,0,0,0,0,0,0,0,0,0,0,0,0,0,0,0,0,0,0,0,0,0,0,1,0,0,0,0,0,0,0,0
  CPP-BT_Bundestag_Plenarprotokoll_18_138_2015-11-24.txt,178,1,4,1,0,0,0,0,0,0,2,2,0,0,0,0,2,0,0,0,11,0,0,0,0,0,0,0,0,0,0,0,0,0,4,0,1,0,4,1,0,0,0,2,13,0,0,0,0,0,4,0,0,0,0,0,0,0,0,0,0,0,0,0,0,103,10,0,4,1,5,0,0,3
  CPP-BT_Bundestag_Plenarprotokoll_18_139_2015-11-25.txt,220,0,3,1,0,0,0,0,0,0,0,0,0,0,0,0,0,0,0,0,66,0,1,0,0,0,0,0,0,0,1,0,0,0,1,0,0,0,1,0,0,0,0,4,10,0,0,1,0,0,1,0,0,2,0,0,0,0,0,0,0,0,0,0,0,111,6,1,4,0,2,0,0,4
  CPP-BT_Bundestag_Plenarprotokoll_18_140_2015-11-26.txt,156,0,5,2,0,0,0,0,0,0,1,0,0,0,0,0,1,0,0,0,4,0,0,0,0,0,0,0,0,0,0,0,0,0,0,0,0,3,10,2,0,0,0,2,11,0,0,0,0,0,0,0,0,0,0,0,0,0,0,0,0,0,0,0,0,107,1,1,3,2,0,0,0,1
  CPP-BT_Bundestag_Plenarprotokoll_18_141_2015-11-27.txt,49,0,2,0,0,0,0,0,0,0,0,0,0,0,0,0,0,0,0,0,9,0,0,0,0,0,0,0,0,0,0,0,0,0,0,0,0,0,1,0,0,0,0,0,4,0,0,0,0,0,1,0,0,0,0,0,0,0,0,0,0,0,0,0,0,31,0,0,1,0,0,0,0,0
  CPP-BT_Bundestag_Plenarprotokoll_18_142_2015-12-02.txt,15,0,0,0,0,0,0,0,0,0,0,0,0,0,0,0,0,0,0,0,0,0,0,0,0,0,0,0,0,0,0,1,0,0,0,0,0,0,0,0,0,0,0,0,0,0,0,0,0,0,1,0,0,0,0,0,0,0,0,0,0,0,0,0,0,11,0,0,1,0,0,0,0,1
  CPP-BT_Bundestag_Plenarprotokoll_18_143_2015-12-03.txt,72,0,3,5,0,0,0,0,0,0,3,11,1,0,0,0,3,0,0,0,3,0,0,0,0,0,0,0,0,0,0,2,0,0,0,0,0,0,0,0,0,0,0,1,5,0,0,0,0,0,1,0,0,0,0,0,0,0,0,0,0,0,0,0,0,28,1,0,0,0,1,0,0,4
  CPP-BT_Bundestag_Plenarprotokoll_18_144_2015-12-04.txt,186,0,0,0,0,0,0,0,0,0,0,0,0,0,0,0,0,0,0,0,25,0,0,0,0,0,0,0,0,0,0,0,0,0,0,0,0,0,0,0,0,0,0,0,2,0,0,0,0,0,0,0,0,0,0,0,0,0,0,0,0,0,0,0,0,123,35,0,1,0,0,0,0,0
  CPP-BT_Bundestag_Plenarprotokoll_18_145_2015-12-16.txt,63,0,3,2,0,0,0,0,0,0,0,0,0,0,0,0,0,0,0,0,12,0,0,0,0,0,0,0,0,0,2,0,0,0,2,0,0,0,0,0,0,0,0,0,3,0,0,0,0,0,0,0,0,2,0,0,0,0,0,1,0,0,0,0,0,30,0,0,3,0,0,0,0,3
  CPP-BT_Bundestag_Plenarprotokoll_18_146_2015-12-17.txt,136,0,2,7,0,0,1,0,0,1,1,1,0,0,0,0,1,1,0,0,38,0,1,0,1,0,0,0,0,0,1,1,0,0,1,1,1,0,0,0,0,0,0,2,4,0,0,0,0,0,3,0,1,0,1,0,0,0,0,0,2,0,0,0,0,45,4,1,9,0,1,0,0,3
  CPP-BT_Bundestag_Plenarprotokoll_18_147_2015-12-18.txt,14,0,0,0,0,0,0,0,0,0,0,0,0,0,0,0,0,0,0,0,1,0,0,0,0,0,0,0,0,0,0,0,0,0,0,0,0,0,1,0,0,0,0,0,1,0,0,0,0,0,0,0,0,3,0,0,0,0,0,0,0,0,0,0,0,4,0,1,0,0,3,0,0,0
  CPP-BT_Bundestag_Plenarprotokoll_18_148_2016-01-13.txt,70,0,3,1,0,0,0,0,0,4,0,2,0,2,2,0,0,2,0,0,1,0,0,0,0,0,0,0,0,0,0,1,0,0,0,0,0,0,1,0,0,0,0,4,0,0,0,0,0,0,0,0,0,0,0,0,0,0,0,0,0,0,0,0,0,25,0,8,7,4,1,0,0,2
  CPP-BT_Bundestag_Plenarprotokoll_18_149_2016-01-14.txt,95,0,6,4,0,0,0,0,0,1,0,1,0,0,0,0,0,0,0,0,7,0,1,0,0,0,0,0,0,3,0,0,0,0,1,1,0,3,3,0,0,0,0,5,3,0,0,0,0,0,0,0,0,0,0,0,0,0,0,0,0,0,0,0,0,43,2,0,11,0,0,0,0,0
  CPP-BT_Bundestag_Plenarprotokoll_18_150_2016-01-15.txt,44,0,0,5,0,0,0,0,0,0,0,0,0,0,0,0,0,0,0,0,0,0,0,0,0,1,1,0,0,0,1,0,0,0,0,0,0,0,2,0,0,0,0,0,1,0,0,0,0,0,0,0,0,0,0,0,0,0,0,0,0,0,0,0,0,22,1,0,8,0,2,0,0,0
  CPP-BT_Bundestag_Plenarprotokoll_18_151_2016-01-27.txt,32,0,1,3,0,0,0,0,0,6,1,0,0,0,0,0,1,0,0,0,1,0,0,0,0,0,0,0,0,0,0,2,1,0,0,0,0,0,0,0,0,0,0,2,0,0,0,0,0,0,0,0,0,0,0,0,0,0,0,0,0,0,0,0,0,12,0,0,0,0,0,0,0,2
  CPP-BT_Bundestag_Plenarprotokoll_18_152_2016-01-28.txt,85,0,1,4,0,0,0,0,0,0,0,0,0,0,1,0,0,1,0,0,10,0,0,0,0,0,0,0,0,0,1,1,0,0,1,0,0,2,2,1,0,0,0,3,10,3,0,0,0,0,1,0,0,0,0,0,0,0,0,0,0,0,0,0,0,33,2,5,2,1,0,0,0,0
  CPP-BT_Bundestag_Plenarprotokoll_18_153_2016-01-29.txt,22,0,0,0,0,0,0,0,0,0,0,0,0,0,1,0,0,0,0,0,0,0,0,0,0,0,0,0,0,0,0,0,0,0,1,0,1,1,1,1,0,0,0,1,0,0,0,0,0,0,0,0,0,0,0,0,0,0,0,0,0,0,0,0,0,6,5,0,0,0,4,0,0,0
  CPP-BT_Bundestag_Plenarprotokoll_18_154_2016-02-17.txt,155,2,5,0,0,0,0,0,0,0,3,1,0,1,1,0,3,0,0,0,7,0,2,0,0,0,0,0,0,0,0,2,0,0,1,0,0,0,3,1,0,0,0,3,10,0,2,0,0,0,1,0,0,3,0,0,0,0,0,0,0,0,0,0,0,92,2,0,1,0,2,0,0,7
  CPP-BT_Bundestag_Plenarprotokoll_18_155_2016-02-18.txt,48,0,3,0,0,0,0,0,0,0,0,0,0,0,0,0,0,0,0,0,0,0,0,0,0,0,0,0,0,0,1,1,0,0,0,0,0,5,1,1,0,0,0,1,3,0,0,0,1,0,0,0,0,0,0,0,0,0,0,0,0,0,0,0,0,5,3,15,0,3,4,1,0,0
  CPP-BT_Bundestag_Plenarprotokoll_18_156_2016-02-19.txt,144,0,5,5,0,0,0,0,0,6,8,9,0,1,0,0,8,2,0,0,9,0,0,0,0,0,0,0,0,1,0,1,0,0,1,1,1,1,3,2,0,0,0,9,6,0,0,0,1,0,1,0,0,0,0,0,0,0,0,3,0,0,0,0,0,43,5,0,6,0,1,0,0,5
  CPP-BT_Bundestag_Plenarprotokoll_18_157_2016-02-24.txt,52,0,5,2,0,0,0,0,0,0,1,1,0,0,0,0,1,0,0,0,0,0,0,0,0,0,0,0,0,0,0,1,0,0,0,0,0,0,0,0,0,0,0,0,4,1,0,0,0,0,0,0,0,0,0,0,0,0,0,0,0,0,3,0,0,17,3,9,1,1,0,0,0,2
  CPP-BT_Bundestag_Plenarprotokoll_18_158_2016-02-25.txt,425,1,24,19,0,3,2,0,0,19,27,14,0,2,5,0,27,4,0,0,4,0,0,0,0,0,0,0,0,1,0,1,0,0,24,3,1,0,8,1,0,0,0,3,8,0,0,0,0,0,1,0,0,0,0,0,0,0,0,1,0,0,0,0,0,181,17,0,8,0,8,0,0,8
  CPP-BT_Bundestag_Plenarprotokoll_18_159_2016-02-26.txt,6,0,0,1,0,0,0,0,0,0,1,0,0,0,0,0,1,0,0,0,0,0,0,0,0,0,0,0,0,0,0,0,0,0,0,0,0,1,0,0,0,0,0,0,1,0,0,0,0,0,0,0,0,0,0,0,0,0,0,0,0,0,0,0,0,1,0,0,0,0,0,0,0,0
  CPP-BT_Bundestag_Plenarprotokoll_18_160_2016-03-16.txt,116,0,1,2,0,0,0,0,0,2,0,1,0,0,0,0,0,2,0,0,10,0,0,0,0,0,0,0,0,0,2,0,0,0,0,2,0,0,1,0,0,0,0,6,4,0,0,0,0,0,1,0,0,0,0,0,0,0,0,0,0,0,0,0,0,59,7,0,3,0,7,0,0,6
  CPP-BT_Bundestag_Plenarprotokoll_18_161_2016-03-17.txt,77,0,1,1,0,0,0,0,0,1,0,0,0,0,1,0,0,1,0,0,1,0,0,0,0,0,0,1,0,0,0,0,0,0,2,1,0,1,0,1,0,0,0,3,0,0,0,0,0,0,1,0,0,0,0,0,0,0,0,0,0,0,0,0,0,49,4,0,3,0,2,0,0,3
  CPP-BT_Bundestag_Plenarprotokoll_18_162_2016-03-18.txt,6,0,0,0,0,0,0,0,0,1,0,0,0,0,0,0,0,0,0,0,0,0,0,0,0,0,0,0,0,0,0,0,0,0,1,0,0,1,1,0,0,0,0,0,0,0,0,0,0,0,0,0,0,0,0,0,0,0,0,0,0,0,0,0,0,1,1,0,0,0,0,0,0,0
  CPP-BT_Bundestag_Plenarprotokoll_18_163_2016-04-13.txt,26,0,0,2,0,0,0,0,0,0,0,0,0,0,0,0,0,0,0,0,0,0,0,0,0,0,0,0,0,0,1,0,0,0,0,0,0,0,0,0,0,0,0,1,0,0,0,0,0,0,0,0,0,0,0,0,0,0,0,0,0,0,0,0,0,19,0,0,1,0,1,0,0,1
  CPP-BT_Bundestag_Plenarprotokoll_18_164_2016-04-14.txt,56,0,3,10,0,0,0,0,0,0,2,2,0,0,0,0,2,2,0,0,2,0,1,0,0,0,0,0,0,0,0,0,0,0,1,1,0,0,2,0,0,0,0,1,0,0,0,0,0,0,1,0,0,0,0,0,0,0,0,0,0,0,0,0,0,20,2,0,0,0,1,0,0,3
  CPP-BT_Bundestag_Plenarprotokoll_18_165_2016-04-15.txt,15,0,1,0,0,0,0,0,0,0,0,0,0,0,0,0,0,0,0,0,0,1,0,0,0,0,0,0,0,0,0,0,0,0,0,0,0,0,0,0,0,0,0,0,3,0,0,0,0,0,0,0,0,0,0,0,0,0,0,0,0,0,0,0,0,5,3,0,0,1,0,0,0,1
  CPP-BT_Bundestag_Plenarprotokoll_18_166_2016-04-27.txt,35,0,3,1,0,0,0,0,0,0,1,0,0,0,0,0,1,0,0,0,1,0,0,0,0,0,0,0,0,0,1,1,0,0,0,0,0,0,3,1,0,0,0,1,2,0,0,0,0,0,0,0,0,0,0,0,0,0,0,0,0,0,0,0,0,14,3,0,1,0,1,0,0,0
  CPP-BT_Bundestag_Plenarprotokoll_18_167_2016-04-28.txt,106,0,4,3,0,0,0,0,0,0,1,0,0,0,1,0,1,0,0,0,8,0,1,0,0,2,0,0,0,0,1,0,0,0,1,0,0,1,0,0,0,0,0,2,6,0,1,0,0,0,1,0,0,0,0,0,0,0,0,0,0,0,0,0,0,47,10,5,1,0,7,1,0,1
  CPP-BT_Bundestag_Plenarprotokoll_18_168_2016-04-29.txt,11,0,0,0,0,0,0,0,0,0,0,0,0,0,0,1,0,0,0,0,0,0,0,0,0,0,0,0,0,0,0,0,0,0,0,0,0,0,0,0,0,0,0,3,0,0,0,0,0,0,0,0,0,1,0,0,0,0,0,0,0,0,0,0,0,3,2,0,0,0,1,0,0,0
  CPP-BT_Bundestag_Plenarprotokoll_18_169_2016-05-11.txt,14,0,1,2,0,0,0,0,0,0,0,1,0,0,0,0,0,0,0,0,0,0,0,0,0,0,0,0,0,0,0,2,0,0,0,0,0,0,0,0,0,0,0,0,0,0,0,0,0,0,0,0,0,0,0,0,0,0,0,0,0,0,0,0,0,8,0,0,0,0,0,0,0,0
  CPP-BT_Bundestag_Plenarprotokoll_18_170_2016-05-12.txt,123,0,1,0,0,0,0,0,0,0,0,2,0,0,0,0,0,1,0,0,29,0,2,0,0,0,0,0,0,0,1,0,0,0,0,0,0,0,0,0,0,0,0,0,2,0,0,0,0,0,0,0,0,0,0,1,0,2,0,0,0,0,0,0,0,78,0,0,3,0,1,0,0,0
  CPP-BT_Bundestag_Plenarprotokoll_18_171_2016-05-13.txt,55,0,2,20,0,0,0,0,0,0,3,0,0,0,0,0,3,0,0,0,2,0,0,0,0,1,0,0,0,0,1,1,0,0,0,2,0,1,0,0,0,0,0,2,0,0,0,0,0,0,0,0,0,0,0,0,0,0,0,0,0,0,0,0,0,13,1,0,1,0,0,0,0,2
  CPP-BT_Bundestag_Plenarprotokoll_18_172_2016-06-01.txt,17,0,0,0,0,0,0,0,0,0,0,0,0,0,0,0,0,0,0,0,0,0,0,0,0,0,0,0,0,0,2,2,0,0,0,0,0,0,0,0,0,0,0,0,1,0,0,0,0,0,0,0,0,0,0,0,0,0,0,1,0,0,0,0,0,11,0,0,0,0,0,0,0,0
  CPP-BT_Bundestag_Plenarprotokoll_18_173_2016-06-02.txt,31,0,0,1,0,0,0,2,1,0,1,0,0,0,0,1,1,0,0,0,0,0,0,0,0,1,0,0,0,0,0,0,0,0,1,5,0,0,2,0,0,0,0,1,1,0,0,0,0,0,0,0,0,0,0,0,0,0,0,0,0,0,0,0,0,10,2,0,0,0,1,0,0,0
  CPP-BT_Bundestag_Plenarprotokoll_18_174_2016-06-03.txt,94,1,6,6,0,0,0,0,0,0,6,0,0,0,0,0,6,0,0,0,0,0,0,0,0,0,0,0,0,0,1,0,0,0,1,0,0,0,1,1,0,0,0,5,3,0,0,0,0,0,1,0,0,0,1,1,0,0,0,0,0,0,0,0,0,46,1,0,6,0,1,0,0,0
  CPP-BT_Bundestag_Plenarprotokoll_18_175_2016-06-08.txt,25,0,5,0,0,0,0,0,0,0,2,0,0,0,0,0,2,0,0,0,4,0,0,0,0,0,0,0,0,0,0,2,0,0,0,0,0,0,0,0,0,0,0,1,0,0,0,0,0,0,0,0,0,0,0,0,0,0,0,0,0,0,0,0,0,3,1,1,0,0,1,0,0,3
  CPP-BT_Bundestag_Plenarprotokoll_18_176_2016-06-09.txt,43,0,2,2,0,0,0,0,0,0,0,0,0,0,2,0,0,0,0,0,0,0,0,0,0,0,0,0,0,0,4,0,0,0,0,0,0,5,4,0,0,0,0,2,0,0,0,0,0,0,0,0,0,0,0,0,0,0,0,0,0,0,0,0,0,12,9,1,0,0,0,0,0,0
  CPP-BT_Bundestag_Plenarprotokoll_18_177_2016-06-10.txt,0,0,0,0,0,0,0,0,0,0,0,0,0,0,0,0,0,0,0,0,0,0,0,0,0,0,0,0,0,0,0,0,0,0,0,0,0,0,0,0,0,0,0,0,0,0,0,0,0,0,0,0,0,0,0,0,0,0,0,0,0,0,0,0,0,0,0,0,0,0,0,0,0,0
  CPP-BT_Bundestag_Plenarprotokoll_18_178_2016-06-22.txt,57,0,1,1,0,1,0,0,0,0,2,0,0,0,0,1,2,0,0,0,0,0,0,0,0,0,0,0,0,0,3,0,0,0,0,0,0,0,0,0,0,0,0,3,0,1,0,0,0,0,0,0,0,0,0,0,0,0,0,0,0,1,0,0,0,29,2,2,1,0,0,0,0,7
  CPP-BT_Bundestag_Plenarprotokoll_18_179_2016-06-23.txt,129,0,5,6,0,0,0,0,0,1,12,8,0,0,1,1,12,1,1,0,2,0,1,0,0,0,0,0,0,2,0,0,0,0,0,0,0,0,2,0,0,0,0,4,2,0,0,0,0,0,0,0,0,3,0,0,0,0,0,0,0,0,0,0,1,50,2,2,1,0,0,0,0,9
  CPP-BT_Bundestag_Plenarprotokoll_18_180_2016-06-24.txt,50,0,0,0,0,0,0,0,0,0,0,0,0,0,0,0,0,0,0,0,5,0,0,0,0,0,0,0,0,0,2,2,0,0,0,1,0,0,0,0,0,0,0,2,0,0,0,0,0,0,1,0,0,0,0,0,0,0,0,0,0,0,2,0,0,33,1,0,0,0,0,0,0,1
  CPP-BT_Bundestag_Plenarprotokoll_18_181_2016-06-28.txt,10,0,0,0,0,0,0,0,0,0,0,0,0,0,0,0,0,0,0,0,0,0,0,0,0,0,0,0,0,0,0,0,0,0,0,0,0,0,1,0,0,0,0,0,0,0,0,0,0,0,0,0,0,6,0,0,0,0,0,0,0,0,0,0,0,3,0,0,0,0,0,0,0,0
  CPP-BT_Bundestag_Plenarprotokoll_18_182_2016-07-06.txt,17,0,0,0,0,0,0,0,0,0,0,0,0,0,0,0,0,0,0,0,0,0,0,0,0,0,0,0,0,0,2,1,0,0,0,0,0,0,0,0,0,0,0,0,0,0,0,0,0,0,0,0,0,0,0,0,0,0,0,0,0,0,0,0,0,10,0,0,0,0,0,0,0,4
  CPP-BT_Bundestag_Plenarprotokoll_18_183_2016-07-07.txt,94,0,5,1,0,0,0,0,0,1,2,2,0,0,0,0,2,0,0,0,1,0,0,0,0,0,0,0,0,0,5,2,1,0,0,0,0,0,2,1,0,0,0,2,2,0,0,0,0,0,0,0,0,1,0,0,0,0,0,2,0,0,0,0,0,51,2,0,4,0,4,0,1,0
  CPP-BT_Bundestag_Plenarprotokoll_18_184_2016-07-08.txt,6,0,0,0,0,0,0,0,0,0,0,0,0,0,1,0,0,3,0,0,0,0,0,0,0,0,0,0,0,0,1,0,0,0,0,0,0,0,0,0,0,0,0,0,0,0,0,0,0,0,0,1,0,0,0,0,0,0,0,0,0,0,0,0,0,0,0,0,0,0,0,0,0,0
  CPP-BT_Bundestag_Plenarprotokoll_18_185_2016-09-06.txt,58,0,1,1,0,0,0,0,0,1,1,3,0,0,1,0,1,0,0,0,5,0,0,0,0,1,0,0,0,0,1,0,0,0,0,1,0,0,3,0,0,0,0,2,2,0,0,0,0,0,0,0,0,0,0,0,0,0,0,0,0,0,0,0,0,25,2,0,1,1,3,0,0,2
  CPP-BT_Bundestag_Plenarprotokoll_18_186_2016-09-07.txt,113,0,1,1,0,0,0,0,0,0,0,1,0,0,1,0,0,0,0,0,26,0,0,0,0,1,0,0,0,0,0,0,0,0,1,0,1,1,1,0,0,0,0,0,1,1,0,0,0,0,4,0,0,3,0,2,0,0,0,0,0,0,0,0,0,58,2,0,4,0,1,0,0,2
  CPP-BT_Bundestag_Plenarprotokoll_18_187_2016-09-08.txt,73,0,0,0,0,0,0,0,0,0,0,0,0,0,0,0,0,1,0,0,0,0,0,0,0,0,1,0,0,0,0,1,0,0,1,1,0,1,7,2,0,0,0,4,7,0,0,0,1,0,0,0,0,0,0,0,0,0,0,0,0,0,0,0,0,41,3,1,1,0,0,0,0,0
  CPP-BT_Bundestag_Plenarprotokoll_18_188_2016-09-09.txt,20,1,1,1,0,0,0,0,0,0,0,0,0,0,0,0,0,0,0,0,1,0,0,0,0,0,0,0,0,0,1,0,0,0,0,0,0,0,1,0,0,0,0,0,4,0,0,0,0,0,2,0,0,0,0,0,0,0,0,0,0,0,0,0,0,8,0,0,0,0,0,0,0,0
  CPP-BT_Bundestag_Plenarprotokoll_18_189_2016-09-21.txt,16,0,0,1,0,0,0,0,0,0,0,0,0,0,0,0,0,0,0,0,0,0,0,0,0,0,0,0,0,0,2,1,0,0,0,0,0,0,0,0,0,0,0,0,0,0,0,0,0,0,1,0,0,0,0,0,0,0,0,0,0,0,0,0,0,10,1,0,0,0,0,0,0,0
  CPP-BT_Bundestag_Plenarprotokoll_18_190_2016-09-22.txt,21,0,0,1,0,0,0,0,0,0,0,0,0,0,0,0,0,0,0,0,6,0,0,0,1,0,0,0,0,0,1,1,0,0,0,0,0,1,0,0,0,0,0,2,4,0,0,0,0,0,0,0,0,0,0,0,0,0,0,0,0,0,0,0,0,3,0,0,0,0,0,0,0,1
  CPP-BT_Bundestag_Plenarprotokoll_18_191_2016-09-23.txt,28,0,0,0,0,0,0,0,0,0,0,0,0,0,0,0,0,0,0,0,5,0,0,0,0,0,0,0,0,0,0,0,0,1,0,1,0,0,0,1,0,0,0,6,0,0,0,0,0,0,0,0,0,1,0,0,0,0,0,0,0,0,0,0,0,7,0,4,0,0,2,0,0,0
  CPP-BT_Bundestag_Plenarprotokoll_18_192_2016-09-28.txt,7,0,0,0,0,0,0,0,0,0,0,0,0,0,0,0,0,0,0,0,0,0,0,0,0,0,0,0,0,0,3,1,0,0,0,0,0,0,0,0,0,0,0,0,0,0,0,0,0,0,0,0,0,0,0,0,0,0,0,0,0,0,0,0,0,2,0,0,0,0,0,0,0,1
  CPP-BT_Bundestag_Plenarprotokoll_18_193_2016-09-29.txt,24,0,0,1,0,0,0,0,0,0,0,0,0,0,0,0,0,0,0,0,1,1,0,0,0,0,0,0,0,0,0,0,0,0,0,1,0,0,0,2,0,0,0,0,5,0,1,0,0,0,0,0,0,0,0,0,0,0,0,0,0,0,0,0,0,7,3,0,0,0,2,0,0,0
  CPP-BT_Bundestag_Plenarprotokoll_18_194_2016-09-30.txt,8,0,0,0,0,0,0,0,0,0,0,0,0,0,0,0,0,0,0,0,0,0,0,0,0,0,0,0,0,0,0,0,0,0,0,0,0,0,0,0,0,0,0,0,0,0,0,0,0,0,0,0,0,0,0,0,0,0,0,0,0,0,0,0,0,1,0,3,1,2,1,0,0,0
  CPP-BT_Bundestag_Plenarprotokoll_18_195_2016-10-19.txt,44,0,0,1,0,0,0,0,0,0,0,0,0,0,0,0,0,0,0,0,1,0,0,0,0,0,0,0,0,0,1,0,0,0,0,0,0,11,0,0,0,0,0,0,1,0,0,0,0,0,0,0,0,0,0,0,0,0,0,0,0,0,0,0,0,28,1,0,0,0,0,0,0,0
  CPP-BT_Bundestag_Plenarprotokoll_18_196_2016-10-20.txt,84,1,5,1,0,1,0,0,0,0,0,0,0,0,3,0,0,0,0,0,2,0,0,0,0,0,0,0,0,0,6,2,0,0,3,0,0,1,3,0,0,0,0,1,2,0,0,0,0,0,0,0,0,0,0,0,0,0,0,0,0,0,0,0,0,34,7,0,3,0,9,0,0,0
  CPP-BT_Bundestag_Plenarprotokoll_18_197_2016-10-21.txt,11,2,4,0,0,0,0,0,0,0,0,0,0,0,0,0,0,0,0,0,0,0,0,0,0,0,0,0,0,0,0,0,0,0,0,0,0,1,0,0,0,0,0,0,0,0,0,0,0,0,0,0,0,0,0,0,0,0,0,0,0,0,0,0,0,1,1,0,0,0,2,0,0,0
  CPP-BT_Bundestag_Plenarprotokoll_18_198_2016-11-09.txt,21,2,2,1,0,0,0,0,0,0,0,0,0,0,0,0,0,0,0,0,0,0,0,0,0,0,0,0,0,0,4,1,0,0,0,0,0,0,0,0,0,0,0,0,0,0,0,0,0,0,0,0,1,0,0,0,0,0,0,0,0,0,0,0,0,7,0,0,0,0,1,0,0,2
  CPP-BT_Bundestag_Plenarprotokoll_18_199_2016-11-10.txt,151,0,0,5,0,0,0,0,0,0,0,0,0,0,0,0,0,0,0,0,22,0,2,1,0,1,0,0,0,0,2,0,0,0,2,0,0,0,2,0,0,0,0,5,3,1,0,0,0,0,1,0,1,0,0,2,0,12,0,0,1,0,0,0,0,70,5,0,7,0,4,0,0,2
  CPP-BT_Bundestag_Plenarprotokoll_18_200_2016-11-11.txt,38,0,0,1,0,0,0,0,0,0,0,0,0,0,0,0,0,0,0,0,0,0,0,0,0,0,0,0,0,0,0,0,0,0,0,1,0,16,5,0,0,0,0,3,0,0,0,0,0,0,0,0,0,0,0,0,0,0,0,0,0,0,0,0,0,2,0,6,0,1,3,0,0,0
  CPP-BT_Bundestag_Plenarprotokoll_18_201_2016-11-22.txt,56,0,3,4,0,0,0,0,0,0,3,4,0,0,0,0,3,0,0,0,5,0,0,0,0,0,0,0,0,0,1,0,0,0,2,2,1,0,2,3,0,0,0,2,1,0,0,0,0,0,0,0,0,0,0,0,0,0,0,0,0,0,0,0,0,15,2,0,0,0,3,0,0,0
  CPP-BT_Bundestag_Plenarprotokoll_18_202_2016-11-23.txt,86,0,2,2,0,0,0,0,0,0,0,1,0,0,0,0,0,1,0,0,18,0,1,0,0,1,0,0,0,1,0,1,0,0,0,1,1,0,1,1,0,0,0,2,1,1,0,0,0,0,1,0,0,7,0,0,0,0,0,0,0,0,0,0,0,36,1,2,0,1,2,0,0,0
  CPP-BT_Bundestag_Plenarprotokoll_18_203_2016-11-24.txt,29,0,0,0,0,0,0,0,0,0,0,0,0,0,0,0,0,0,0,0,0,0,0,0,0,0,0,0,0,0,2,0,0,0,0,0,0,0,1,0,0,0,0,1,0,0,0,0,0,0,1,0,0,2,0,0,0,0,0,0,0,0,0,0,0,18,3,0,0,0,1,0,0,0
  CPP-BT_Bundestag_Plenarprotokoll_18_204_2016-11-25.txt,11,0,2,0,0,0,0,0,0,0,0,0,0,0,0,0,0,0,0,0,5,0,0,0,0,0,0,0,0,0,1,0,0,0,0,0,0,0,0,0,0,0,0,0,0,0,0,0,0,0,0,0,0,0,0,0,0,0,0,0,0,0,0,0,0,2,1,0,0,0,0,0,0,0
  CPP-BT_Bundestag_Plenarprotokoll_18_205_2016-11-30.txt,35,0,0,1,0,0,0,0,0,4,0,0,0,0,0,0,0,0,0,0,0,0,0,0,0,0,0,0,0,0,2,2,0,0,3,0,0,0,0,0,0,0,0,8,0,0,0,0,1,0,0,0,0,0,0,0,0,0,0,0,0,1,0,0,0,10,1,0,0,0,2,0,0,0
  CPP-BT_Bundestag_Plenarprotokoll_18_206_2016-12-01.txt,31,0,0,1,0,0,0,0,0,5,1,1,0,0,0,0,1,2,0,0,0,0,0,0,0,0,0,0,0,0,2,6,0,0,0,0,0,0,2,0,0,0,0,0,0,0,0,0,0,0,1,0,0,0,0,0,0,0,0,0,0,0,0,0,0,3,1,0,0,0,4,0,0,1
  CPP-BT_Bundestag_Plenarprotokoll_18_207_2016-12-02.txt,1,0,0,1,0,0,0,0,0,0,0,0,0,0,0,0,0,0,0,0,0,0,0,0,0,0,0,0,0,0,0,0,0,0,0,0,0,0,0,0,0,0,0,0,0,0,0,0,0,0,0,0,0,0,0,0,0,0,0,0,0,0,0,0,0,0,0,0,0,0,0,0,0,0
  CPP-BT_Bundestag_Plenarprotokoll_18_208_2016-12-14.txt,15,0,0,1,0,0,0,0,0,0,1,0,0,0,0,0,1,0,0,0,0,0,0,0,0,0,0,0,0,0,1,1,0,0,0,0,0,0,1,0,0,0,0,0,0,0,0,0,0,0,0,0,0,0,0,0,0,0,0,0,0,0,0,0,0,8,0,0,0,0,0,0,0,1
  CPP-BT_Bundestag_Plenarprotokoll_18_209_2016-12-15.txt,35,0,0,0,0,0,0,0,0,0,2,8,0,0,0,0,2,4,0,0,4,0,1,0,0,1,0,0,0,0,2,0,0,0,0,0,0,0,0,0,0,0,0,0,0,0,0,0,0,0,0,0,0,0,0,0,0,0,0,0,0,0,0,0,0,9,0,1,1,0,0,0,0,0
  CPP-BT_Bundestag_Plenarprotokoll_18_210_2016-12-16.txt,112,1,0,4,0,0,0,0,0,0,12,8,0,0,0,0,12,4,0,0,1,0,0,0,0,0,0,0,0,0,0,1,0,0,1,1,0,2,0,1,0,1,0,4,5,3,0,0,0,0,1,0,0,2,0,0,0,0,1,2,0,0,0,0,0,29,3,7,2,0,2,0,0,2
  CPP-BT_Bundestag_Plenarprotokoll_18_211_2017-01-18.txt,65,0,2,0,0,0,0,0,0,0,6,3,0,0,0,0,6,1,0,0,1,0,0,0,0,0,0,0,0,2,2,0,0,0,0,0,0,1,0,0,0,0,0,3,0,1,0,0,0,0,0,0,0,0,0,0,0,0,0,0,0,0,0,0,0,30,2,0,1,0,4,0,0,0
  CPP-BT_Bundestag_Plenarprotokoll_18_212_2017-01-19.txt,15,1,1,0,0,0,0,0,0,0,0,0,0,0,1,0,0,0,0,0,0,0,0,0,0,0,0,0,0,0,1,1,0,0,0,0,0,0,2,0,0,0,0,0,0,0,0,0,0,0,0,0,0,1,0,0,0,0,0,0,0,0,0,0,0,2,2,1,1,0,1,0,0,0
  CPP-BT_Bundestag_Plenarprotokoll_18_213_2017-01-20.txt,28,0,0,1,0,0,0,0,0,0,0,0,0,0,0,0,0,0,0,0,4,0,0,0,0,0,0,0,0,0,0,0,0,0,0,0,0,2,0,0,0,0,0,0,1,0,1,0,0,0,0,0,0,7,0,0,0,0,0,0,0,0,0,0,0,10,1,0,1,0,0,0,0,0
  CPP-BT_Bundestag_Plenarprotokoll_18_214_2017-01-25.txt,27,1,3,0,0,0,0,0,0,0,2,1,0,0,0,0,2,0,0,0,2,0,0,0,0,0,0,0,0,1,6,0,0,0,0,0,0,2,0,0,0,0,0,0,0,0,0,0,0,0,0,0,0,0,0,0,0,0,0,0,0,0,0,0,1,2,0,0,1,0,1,0,0,2
  CPP-BT_Bundestag_Plenarprotokoll_18_215_2017-01-26.txt,19,0,0,0,0,0,0,0,0,0,0,2,1,0,0,0,0,0,0,0,4,0,0,0,0,0,0,0,0,0,2,0,0,0,0,0,0,0,0,0,0,0,0,0,2,0,0,0,0,0,0,0,0,0,0,0,0,0,0,0,0,0,0,0,0,8,0,0,0,0,0,0,0,0
  CPP-BT_Bundestag_Plenarprotokoll_18_216_2017-01-27.txt,8,0,0,0,0,0,0,0,0,0,0,0,2,0,0,0,0,0,0,0,2,0,0,0,0,0,0,0,0,0,0,0,0,0,1,0,0,0,0,0,0,0,0,0,0,0,0,0,0,0,0,0,0,2,0,0,0,0,0,0,0,0,0,0,0,1,0,0,0,0,0,0,0,0
  CPP-BT_Bundestag_Plenarprotokoll_18_217_2017-02-15.txt,24,0,1,3,0,0,0,0,0,0,2,3,0,0,1,0,2,0,0,0,0,0,0,0,0,0,0,0,0,0,2,0,0,0,0,0,0,0,0,0,0,0,0,3,0,0,0,0,0,0,0,0,0,0,0,0,0,0,0,0,0,0,0,0,0,7,0,0,0,0,0,0,0,0
  CPP-BT_Bundestag_Plenarprotokoll_18_218_2017-02-16.txt,112,0,3,0,0,1,0,0,0,0,1,2,0,0,0,0,1,2,0,1,21,0,0,0,0,0,0,0,0,0,3,0,0,0,2,5,0,0,9,0,0,0,0,11,1,1,0,0,0,0,0,0,0,1,0,0,0,0,0,2,0,0,0,0,0,24,7,3,4,0,6,0,0,1
  CPP-BT_Bundestag_Plenarprotokoll_18_219_2017-02-17.txt,6,0,0,0,0,0,0,0,0,0,1,0,0,0,0,0,1,0,0,0,0,0,0,0,0,0,0,0,0,0,1,0,0,0,0,0,0,2,0,0,0,0,0,1,0,0,0,0,0,0,0,0,0,0,0,0,0,0,0,0,0,0,0,0,0,0,0,0,0,0,0,0,0,0
  CPP-BT_Bundestag_Plenarprotokoll_18_220_2017-03-08.txt,21,0,0,2,0,0,0,0,0,0,3,0,0,0,0,0,3,0,0,0,0,0,0,0,0,0,0,0,0,0,2,0,0,0,0,0,0,0,2,0,0,0,0,0,0,0,0,0,0,0,0,0,0,0,0,0,0,0,0,0,0,0,0,0,0,7,1,1,0,0,0,0,0,0
  CPP-BT_Bundestag_Plenarprotokoll_18_221_2017-03-09.txt,47,0,0,1,0,0,0,0,0,2,0,0,0,0,6,0,0,0,0,0,4,0,0,0,0,0,0,0,0,0,3,0,0,0,2,4,1,0,1,1,0,0,0,4,1,1,0,0,0,0,0,0,0,2,0,0,0,1,0,0,0,3,0,0,0,6,3,0,0,0,1,0,0,0
  CPP-BT_Bundestag_Plenarprotokoll_18_222_2017-03-10.txt,1,0,0,0,0,0,0,0,0,0,0,0,0,0,0,0,0,0,0,0,0,0,0,0,0,0,0,0,0,0,1,0,0,0,0,0,0,0,0,0,0,0,0,0,0,0,0,0,0,0,0,0,0,0,0,0,0,0,0,0,0,0,0,0,0,0,0,0,0,0,0,0,0,0
  CPP-BT_Bundestag_Plenarprotokoll_18_223_2017-03-22.txt,5,0,0,0,0,0,0,0,0,0,0,0,0,0,0,0,0,0,0,0,0,0,0,0,0,0,0,0,0,0,0,0,0,0,0,0,1,0,0,0,0,0,0,1,0,0,0,0,0,0,0,0,0,2,0,0,0,0,0,0,0,0,0,0,0,1,0,0,0,0,0,0,0,0
  CPP-BT_Bundestag_Plenarprotokoll_18_224_2017-03-22.txt,13,0,0,1,0,0,0,0,0,0,1,0,0,0,1,0,1,0,0,0,0,0,0,0,0,1,0,0,0,1,0,1,0,0,0,0,0,0,0,0,0,0,0,0,0,0,0,0,0,0,0,0,0,0,0,0,0,0,0,0,0,0,0,0,0,6,0,0,0,0,0,0,0,0
  CPP-BT_Bundestag_Plenarprotokoll_18_225_2017-03-23.txt,80,0,5,3,0,0,0,0,0,1,6,14,0,1,2,0,6,2,0,0,1,0,0,0,0,0,0,0,0,1,0,1,0,0,0,1,0,1,4,0,0,0,0,3,0,0,0,1,0,0,0,0,0,2,0,0,0,0,0,0,0,0,0,0,0,11,3,0,4,0,1,0,1,5
  CPP-BT_Bundestag_Plenarprotokoll_18_226_2017-03-24.txt,34,0,0,1,0,0,0,0,0,1,0,0,0,0,0,0,0,0,0,0,0,0,0,0,0,0,0,0,0,0,2,0,0,0,0,2,0,3,8,2,0,0,0,1,0,0,0,0,0,0,0,0,0,1,0,0,0,0,0,1,0,0,0,0,0,5,1,4,0,1,1,0,0,0
  CPP-BT_Bundestag_Plenarprotokoll_18_227_2017-03-29.txt,16,1,1,0,0,0,0,0,0,0,2,0,0,0,1,0,2,1,0,0,0,0,0,0,0,0,0,0,0,0,1,0,0,0,0,0,0,1,0,0,0,0,0,0,0,0,0,0,0,0,0,0,0,0,0,0,0,0,0,0,0,0,0,0,0,6,0,0,0,0,0,0,0,0
  CPP-BT_Bundestag_Plenarprotokoll_18_228_2017-03-30.txt,26,0,0,0,0,0,0,0,0,3,1,0,0,0,1,0,1,1,0,0,2,0,0,0,0,1,0,0,0,0,4,1,0,0,0,0,0,0,0,0,0,0,0,0,1,0,0,0,0,0,0,0,1,1,0,0,0,0,0,0,0,0,0,0,0,6,1,0,0,0,1,0,0,0
  CPP-BT_Bundestag_Plenarprotokoll_18_229_2017-03-31.txt,6,0,0,0,0,0,0,0,0,1,0,0,0,0,0,0,0,0,0,0,1,0,0,0,0,1,0,0,0,0,0,0,0,0,1,0,0,0,0,0,0,0,0,0,0,0,0,0,0,0,0,0,0,2,0,0,0,0,0,0,0,0,0,0,0,0,0,0,0,0,0,0,0,0
  CPP-BT_Bundestag_Plenarprotokoll_18_230_2017-04-26.txt,10,0,0,0,0,0,0,0,0,0,0,0,0,0,0,0,0,0,0,0,2,0,0,0,0,0,0,0,0,1,0,0,0,0,0,0,0,0,0,0,0,0,0,1,0,0,0,0,0,0,0,0,0,0,0,0,0,0,0,0,0,0,0,0,0,5,0,0,0,0,0,0,0,1
  CPP-BT_Bundestag_Plenarprotokoll_18_231_2017-04-27.txt,66,0,1,5,0,0,0,0,0,0,3,18,0,0,0,0,3,0,0,0,2,0,0,0,0,0,0,0,0,0,3,1,0,0,0,0,0,0,1,0,0,0,0,2,0,0,0,0,0,0,0,0,0,2,0,0,0,0,0,0,0,1,0,0,0,19,1,0,0,0,1,0,0,3
  CPP-BT_Bundestag_Plenarprotokoll_18_232_2017-04-28.txt,5,0,0,0,0,0,0,0,0,0,0,0,0,0,0,0,0,0,0,0,0,0,0,0,0,0,0,0,0,0,0,0,0,0,0,1,0,0,0,0,0,0,0,1,0,0,0,0,0,0,0,0,0,0,0,0,0,0,0,0,0,0,0,0,0,3,0,0,0,0,0,0,0,0
  CPP-BT_Bundestag_Plenarprotokoll_18_233_2017-05-17.txt,45,0,1,1,0,0,0,0,0,0,0,0,0,0,0,0,0,0,0,0,0,0,0,0,0,0,0,0,0,2,0,1,0,0,0,0,0,0,2,1,0,0,0,2,4,0,0,0,0,0,0,0,0,1,0,0,0,0,0,0,0,0,0,0,0,18,3,2,2,0,1,0,0,4
  CPP-BT_Bundestag_Plenarprotokoll_18_234_2017-05-18.txt,80,0,1,6,0,0,1,0,0,4,4,1,1,0,0,0,4,0,0,0,8,0,0,0,1,0,0,0,0,4,2,2,1,0,0,0,0,1,2,0,0,0,0,4,0,0,0,0,0,0,0,0,0,6,0,0,0,0,0,0,0,0,0,0,0,17,1,0,3,0,3,0,0,3
  CPP-BT_Bundestag_Plenarprotokoll_18_235_2017-05-19.txt,13,0,1,0,0,0,0,0,0,0,0,0,0,0,0,0,0,0,0,0,0,0,0,0,0,0,0,0,0,0,0,0,0,0,1,0,0,0,0,0,0,0,0,0,0,0,0,0,0,0,0,0,0,1,0,0,0,0,0,0,0,0,0,0,0,2,0,8,0,0,0,0,0,0
  CPP-BT_Bundestag_Plenarprotokoll_18_236_2017-05-31.txt,40,0,0,0,0,0,0,0,0,0,3,2,0,0,1,0,3,1,0,0,4,0,0,0,0,0,0,0,0,0,1,0,0,0,0,0,1,2,0,0,0,0,0,1,1,0,0,0,0,0,0,0,0,0,0,0,0,0,0,0,0,0,0,0,0,11,2,1,1,0,2,0,0,3
  CPP-BT_Bundestag_Plenarprotokoll_18_237_2017-06-01.txt,142,1,2,7,0,0,0,0,0,0,4,16,0,0,0,0,4,2,0,1,2,0,0,0,1,0,0,0,0,1,5,0,0,0,1,22,3,0,38,2,0,0,0,2,0,0,0,0,0,0,0,0,0,1,0,0,0,0,0,3,0,0,0,0,0,13,6,0,0,0,4,0,0,1
  CPP-BT_Bundestag_Plenarprotokoll_18_238_2017-06-02.txt,28,0,0,0,0,1,0,0,0,0,0,0,0,0,0,0,0,0,0,0,1,0,0,0,0,0,0,0,0,0,1,0,0,0,0,0,0,0,0,0,0,0,0,1,0,0,0,0,0,0,1,0,0,0,0,0,0,0,0,0,1,0,1,0,0,16,1,0,0,1,3,0,0,0
  CPP-BT_Bundestag_Plenarprotokoll_18_239_2017-06-21.txt,42,0,0,4,0,0,0,0,0,0,0,1,0,0,0,0,0,0,0,0,5,0,0,0,0,1,0,0,0,0,3,0,0,0,0,0,0,2,1,1,0,0,0,3,0,0,0,0,0,0,0,0,0,0,0,0,0,0,0,0,0,0,0,0,0,10,1,7,1,0,2,0,0,0
  CPP-BT_Bundestag_Plenarprotokoll_18_240_2017-06-22.txt,23,0,0,0,0,0,0,1,0,6,0,0,1,0,0,1,0,0,0,0,3,0,0,0,0,0,0,0,0,0,1,1,0,0,0,0,0,0,0,0,0,0,0,1,0,1,0,0,0,0,0,0,0,0,0,0,0,0,0,0,0,0,0,0,0,4,0,3,0,0,0,0,0,0
  CPP-BT_Bundestag_Plenarprotokoll_18_241_2017-06-23.txt,9,0,0,0,0,0,0,0,0,0,0,0,0,0,0,0,0,0,0,0,0,0,0,0,0,0,0,0,0,0,2,0,0,0,0,0,0,0,1,0,0,0,0,0,0,0,0,0,0,0,0,0,0,0,0,0,0,0,0,0,0,0,0,0,0,3,1,1,0,0,1,0,0,0
  CPP-BT_Bundestag_Plenarprotokoll_18_242_2017-06-28.txt,20,0,0,1,0,0,0,0,0,0,3,1,0,0,0,0,3,0,0,0,1,0,0,0,0,0,0,0,0,1,0,1,0,0,0,0,0,0,0,0,0,0,0,2,2,0,0,0,0,0,1,0,0,0,0,0,0,0,0,0,0,0,0,0,0,3,1,0,0,0,0,0,0,0
  CPP-BT_Bundestag_Plenarprotokoll_18_243_2017-06-29.txt,118,0,7,2,0,0,1,0,0,1,10,2,0,0,1,0,10,0,0,0,17,0,0,0,0,1,0,0,0,4,3,1,0,0,0,0,0,0,0,0,0,0,0,0,0,0,0,0,0,0,0,0,0,1,0,0,0,0,0,2,0,1,0,0,0,25,3,8,2,1,11,0,0,4
  CPP-BT_Bundestag_Plenarprotokoll_18_244_2017-06-30.txt,14,0,0,0,0,0,0,0,0,0,0,0,0,0,0,0,0,0,0,0,0,0,0,0,0,0,0,0,0,0,2,0,0,0,0,1,0,2,0,0,0,0,0,0,1,1,0,0,0,0,0,0,0,0,0,0,0,0,0,0,0,0,0,0,0,2,3,0,0,0,2,0,0,0
  CPP-BT_Bundestag_Plenarprotokoll_18_245_2017-09-05.txt,16,0,1,1,0,0,0,0,0,0,0,0,0,0,0,0,0,0,0,0,4,0,1,0,0,0,0,0,0,0,1,0,0,0,0,0,0,0,1,0,0,0,0,0,0,0,0,0,0,0,0,0,0,1,0,0,0,0,0,0,0,0,0,0,0,1,0,4,1,0,0,0,0,0
  CPP-BT_Bundestag_Plenarprotokoll_18_78_2015-01-14.txt,7,0,0,0,0,0,0,0,0,0,0,0,0,0,1,0,0,0,0,0,0,0,0,0,0,0,0,0,0,3,1,0,0,0,0,0,0,0,0,0,0,0,0,0,0,0,0,0,0,0,0,0,0,0,0,0,0,0,0,0,0,0,0,0,0,2,0,0,0,0,0,0,0,0
  CPP-BT_Bundestag_Plenarprotokoll_18_79_2015-01-15.txt,94,0,12,6,0,0,0,0,0,0,1,0,0,0,1,0,1,0,0,0,0,0,0,0,0,0,0,0,0,0,0,1,0,0,0,7,6,1,8,0,0,0,0,1,0,0,0,0,0,0,0,0,0,0,0,0,0,0,0,0,0,1,0,0,0,46,0,2,0,0,0,0,0,0
  CPP-BT_Bundestag_Plenarprotokoll_18_80_2015-01-16.txt,13,1,1,0,0,0,0,0,0,0,0,0,0,0,0,0,0,0,0,0,0,0,0,0,0,0,0,0,0,0,2,0,0,0,0,2,0,4,0,0,0,0,0,0,0,0,0,1,0,0,0,0,0,0,0,0,0,0,0,0,0,0,0,0,0,2,0,0,0,0,0,0,0,0
  CPP-BT_Bundestag_Plenarprotokoll_18_81_2015-01-28.txt,2,0,0,0,0,0,0,0,0,0,0,0,0,0,0,0,0,0,0,0,0,0,0,0,0,0,0,0,0,0,0,0,0,0,0,0,0,0,0,0,0,0,0,0,0,0,0,0,0,0,0,0,0,0,0,0,0,0,0,0,0,0,0,0,0,2,0,0,0,0,0,0,0,0
  CPP-BT_Bundestag_Plenarprotokoll_18_82_2015-01-29.txt,47,0,0,4,0,0,0,0,0,0,0,0,0,0,0,1,0,0,0,0,0,0,0,0,0,0,0,0,0,0,2,0,0,0,1,3,0,0,5,2,0,0,0,0,0,0,0,0,0,0,1,0,0,1,0,0,0,0,0,0,0,0,0,0,0,25,0,2,0,0,0,0,0,0
  CPP-BT_Bundestag_Plenarprotokoll_18_83_2015-01-30.txt,2,0,0,0,0,0,0,0,0,0,0,0,0,0,2,0,0,0,0,0,0,0,0,0,0,0,0,0,0,0,0,0,0,0,0,0,0,0,0,0,0,0,0,0,0,0,0,0,0,0,0,0,0,0,0,0,0,0,0,0,0,0,0,0,0,0,0,0,0,0,0,0,0,0
  CPP-BT_Bundestag_Plenarprotokoll_18_84_2015-02-04.txt,13,1,1,0,0,0,0,0,0,0,0,0,0,0,0,0,0,0,0,0,0,0,0,0,0,0,0,0,0,0,0,1,0,0,0,1,0,0,0,0,0,0,0,1,0,0,0,0,0,0,0,0,0,0,0,0,0,0,0,4,0,0,0,0,0,0,0,0,0,0,0,0,0,4
  CPP-BT_Bundestag_Plenarprotokoll_18_85_2015-02-05.txt,117,0,7,4,0,0,0,0,0,2,0,0,0,0,0,1,0,1,0,0,1,0,0,0,1,0,0,0,0,0,2,1,0,1,1,28,6,3,28,9,0,0,1,6,0,0,0,0,0,0,0,0,0,1,0,0,0,0,0,0,0,0,0,0,0,10,0,1,1,0,0,0,0,1
  CPP-BT_Bundestag_Plenarprotokoll_18_86_2015-02-06.txt,9,0,0,0,0,0,0,0,0,0,0,0,0,0,0,0,0,0,0,0,0,0,0,0,0,0,0,0,0,0,1,0,0,0,0,0,0,1,0,0,0,0,0,0,0,0,0,0,0,0,0,0,0,0,0,0,0,0,0,0,0,0,0,0,0,4,0,1,1,1,0,0,0,0
  CPP-BT_Bundestag_Plenarprotokoll_18_87_2015-02-25.txt,7,0,0,1,0,0,0,0,0,0,0,0,0,0,0,0,0,0,0,0,0,0,0,0,0,0,0,0,0,0,0,0,0,0,0,0,0,0,0,0,0,0,0,1,0,0,0,0,0,0,0,0,0,0,0,0,0,0,0,0,0,0,0,0,0,4,0,0,1,0,0,0,0,0
  CPP-BT_Bundestag_Plenarprotokoll_18_88_2015-02-26.txt,25,0,2,2,0,0,0,0,0,0,0,0,0,0,0,0,0,0,0,0,1,0,0,0,0,0,0,0,0,0,3,0,0,0,1,0,0,1,0,0,0,0,0,2,0,0,0,0,0,0,1,0,0,2,0,0,0,0,0,0,0,0,0,0,0,7,2,0,1,0,0,0,0,0
  CPP-BT_Bundestag_Plenarprotokoll_18_89_2015-02-27.txt,2,0,0,0,0,0,0,0,0,0,0,0,0,0,0,0,0,0,0,0,0,0,0,0,0,0,0,0,0,0,0,0,0,0,0,0,0,0,0,0,0,0,0,0,0,1,0,0,0,0,0,0,0,0,0,0,0,0,0,0,0,0,0,0,0,1,0,0,0,0,0,0,0,0
  CPP-BT_Bundestag_Plenarprotokoll_18_90_2015-03-04.txt,10,0,0,0,0,0,0,0,0,0,0,0,0,0,0,0,0,0,0,0,0,0,0,0,0,0,0,0,0,0,0,1,0,0,0,0,0,0,0,0,0,0,0,0,0,0,0,0,0,0,2,1,0,1,0,0,0,0,0,0,0,0,0,0,0,4,0,0,1,0,0,0,0,0
  CPP-BT_Bundestag_Plenarprotokoll_18_91_2015-03-05.txt,39,0,0,0,0,0,0,0,0,1,0,0,0,0,0,0,0,0,0,0,0,0,0,0,1,0,0,0,0,0,0,0,0,0,1,2,1,2,4,1,0,0,0,1,0,0,0,0,0,0,0,0,0,0,0,0,0,0,0,0,0,0,0,0,0,22,0,0,2,0,0,0,0,1
  CPP-BT_Bundestag_Plenarprotokoll_18_92_2015-03-06.txt,47,0,3,3,0,0,0,0,0,1,6,1,0,0,0,0,6,0,0,0,0,0,0,0,0,0,0,0,0,0,1,2,0,0,0,3,0,0,3,0,0,0,0,0,0,0,0,0,0,0,0,0,0,0,0,0,0,0,0,3,0,0,0,0,0,11,0,0,4,0,0,0,0,0
  CPP-BT_Bundestag_Plenarprotokoll_18_93_2015-03-18.txt,12,0,0,0,0,0,0,0,0,0,0,0,0,0,0,0,0,0,0,0,0,0,0,0,0,0,0,0,0,0,1,1,0,0,0,0,0,0,0,0,0,0,0,1,0,0,0,0,0,0,0,0,0,0,0,0,0,0,0,0,0,0,0,0,0,9,0,0,0,0,0,0,0,0
  CPP-BT_Bundestag_Plenarprotokoll_18_94_2015-03-19.txt,68,0,2,0,0,0,0,0,0,0,1,0,0,0,0,0,1,0,0,0,0,0,0,0,0,0,0,0,0,0,1,1,0,0,0,0,0,4,15,0,0,0,0,1,0,0,0,0,0,0,1,0,0,4,0,0,0,0,0,1,0,0,0,0,0,22,0,12,0,2,0,0,0,0
  CPP-BT_Bundestag_Plenarprotokoll_18_95_2015-03-20.txt,2,0,0,0,0,0,0,0,0,0,0,0,0,0,0,0,0,0,0,0,0,0,0,0,0,0,0,0,0,0,2,0,0,0,0,0,0,0,0,0,0,0,0,0,0,0,0,0,0,0,0,0,0,0,0,0,0,0,0,0,0,0,0,0,0,0,0,0,0,0,0,0,0,0
  CPP-BT_Bundestag_Plenarprotokoll_18_96_2015-03-25.txt,8,0,1,0,0,0,0,0,0,0,0,0,0,0,2,0,0,0,0,0,0,0,0,0,0,0,0,0,0,0,1,0,0,0,0,0,0,0,2,0,0,0,0,1,0,0,0,0,0,0,0,0,0,0,0,0,0,0,0,0,0,0,0,0,0,0,0,1,0,0,0,0,0,0
  CPP-BT_Bundestag_Plenarprotokoll_18_97_2015-03-26.txt,5,0,0,0,0,0,0,0,0,0,0,0,0,0,1,0,0,0,0,0,0,0,0,0,0,0,0,0,0,0,0,0,0,0,0,0,0,0,0,0,0,0,0,0,0,0,0,0,0,1,1,0,0,0,0,0,0,0,0,0,0,0,0,0,0,1,0,0,0,0,0,0,0,1
  CPP-BT_Bundestag_Plenarprotokoll_18_98_2015-03-27.txt,12,0,0,0,0,0,0,0,0,1,0,0,0,0,0,0,0,0,0,0,3,0,0,0,0,0,0,0,0,0,1,0,0,0,0,0,0,0,0,0,0,0,0,0,0,0,0,0,0,0,0,0,0,0,0,0,0,0,0,0,0,0,0,0,0,5,0,1,0,1,0,0,0,0
  CPP-BT_Bundestag_Plenarprotokoll_18_99_2015-04-22.txt,105,0,5,6,0,0,2,0,0,0,2,0,0,0,1,0,2,1,0,0,10,0,0,0,0,0,0,0,0,0,3,0,0,0,0,0,0,0,2,0,0,0,0,3,0,0,0,0,0,0,1,0,0,0,0,0,0,0,0,0,1,2,1,0,0,59,0,1,1,0,0,0,0,2
